,Provider,Unique_Beneficiaries,PotentialFraud,Inp_Claims,Claims_per_Bene_Inpatient,Out_Claims,Claims_per_Bene_Outpatient,Total_Claims,Claims_per_Bene_Total,Total_Reimbursements,RiskGroup
818,PRV52019,1746.0,1,516.0,0.29553264604810997,1445.0,0.8276059564719358,1961.0,1.1231386025200458,5996050.0,Very High
3557,PRV55462,1131.0,1,386.0,0.34129089301503096,1521.0,1.3448275862068966,1907.0,1.6861184792219275,4713830.0,Very High
4446,PRV56560,1045.0,1,248.0,0.23732057416267943,2065.0,1.9760765550239234,2313.0,2.213397129186603,3212000.0,Very High
2705,PRV54367,568.0,1,322.0,0.5669014084507042,314.0,0.5528169014084507,636.0,1.119718309859155,3133880.0,Very High
3000,PRV54742,1077.0,1,231.0,0.21448467966573817,1661.0,1.542246982358403,1892.0,1.756731662024141,2969530.0,Very High
